{
  "Request to Gioi Thieu Truong 500 Users-0" : {
    "transaction" : "Request to Gioi Thieu Truong 500 Users-0",
    "sampleCount" : 17,
    "errorCount" : 0,
    "errorPct" : 0.0,
    "meanResTime" : 4544.294117647059,
    "medianResTime" : 3045.0,
    "minResTime" : 45.0,
    "maxResTime" : 9776.0,
    "pct1ResTime" : 9279.199999999999,
    "pct2ResTime" : 9776.0,
    "pct3ResTime" : 9776.0,
    "throughput" : 1.7371755569180463,
    "receivedKBytesPerSec" : 0.9500178826895566,
    "sentKBytesPerSec" : 0.22902216814837523
  },
  "Request to Gioi Thieu Truong 500 Users-1" : {
    "transaction" : "Request to Gioi Thieu Truong 500 Users-1",
    "sampleCount" : 17,
    "errorCount" : 3,
    "errorPct" : 17.647058,
    "meanResTime" : 4323.058823529412,
    "medianResTime" : 87.0,
    "minResTime" : 73.0,
    "maxResTime" : 21055.0,
    "pct1ResTime" : 21050.2,
    "pct2ResTime" : 21055.0,
    "pct3ResTime" : 21055.0,
    "throughput" : 0.8063751067261171,
    "receivedKBytesPerSec" : 8.887682249667963,
    "sentKBytesPerSec" : 0.08495473033867754
  },
  "Request to Gioi Thieu Truong 500 Users" : {
    "transaction" : "Request to Gioi Thieu Truong 500 Users",
    "sampleCount" : 500,
    "errorCount" : 17,
    "errorPct" : 3.4,
    "meanResTime" : 2612.3659999999995,
    "medianResTime" : 145.5,
    "minResTime" : 19.0,
    "maxResTime" : 21720.0,
    "pct1ResTime" : 9168.0,
    "pct2ResTime" : 9234.85,
    "pct3ResTime" : 21089.8,
    "throughput" : 22.985335356042842,
    "receivedKBytesPerSec" : 15.403272321633798,
    "sentKBytesPerSec" : 3.0277792143612374
  },
  "Total" : {
    "transaction" : "Total",
    "sampleCount" : 534,
    "errorCount" : 20,
    "errorPct" : 3.7453184,
    "meanResTime" : 2728.3295880149813,
    "medianResTime" : 152.5,
    "minResTime" : 19.0,
    "maxResTime" : 21720.0,
    "pct1ResTime" : 9168.5,
    "pct2ResTime" : 9761.0,
    "pct3ResTime" : 21083.0,
    "throughput" : 24.548338160253756,
    "receivedKBytesPerSec" : 24.44418585942169,
    "sentKBytesPerSec" : 3.2131433739024504
  }
}