{
  "Request to Gioi Thieu Truong 5000 Users" : {
    "transaction" : "Request to Gioi Thieu Truong 5000 Users",
    "sampleCount" : 5000,
    "errorCount" : 1103,
    "errorPct" : 22.06,
    "meanResTime" : 8585.88800000003,
    "medianResTime" : 4152.0,
    "minResTime" : 12.0,
    "maxResTime" : 23209.0,
    "pct1ResTime" : 21091.0,
    "pct2ResTime" : 21164.95,
    "pct3ResTime" : 22884.98,
    "throughput" : 193.9487975174554,
    "receivedKBytesPerSec" : 177.97347750193947,
    "sentKBytesPerSec" : 20.37602580731187
  },
  "Request to Gioi Thieu Truong 5000 Users-1" : {
    "transaction" : "Request to Gioi Thieu Truong 5000 Users-1",
    "sampleCount" : 90,
    "errorCount" : 4,
    "errorPct" : 4.4444447,
    "meanResTime" : 1469.2666666666669,
    "medianResTime" : 71.5,
    "minResTime" : 16.0,
    "maxResTime" : 21057.0,
    "pct1ResTime" : 3088.9,
    "pct2ResTime" : 14470.950000000033,
    "pct3ResTime" : 21057.0,
    "throughput" : 4.1394535921258395,
    "receivedKBytesPerSec" : 41.139727759060804,
    "sentKBytesPerSec" : 0.5060230487075705
  },
  "Total" : {
    "transaction" : "Total",
    "sampleCount" : 5180,
    "errorCount" : 1107,
    "errorPct" : 21.370657,
    "meanResTime" : 8445.528378378365,
    "medianResTime" : 4134.0,
    "minResTime" : 12.0,
    "maxResTime" : 23209.0,
    "pct1ResTime" : 21090.0,
    "pct2ResTime" : 21161.95,
    "pct3ResTime" : 22881.379999999997,
    "throughput" : 200.9309542280838,
    "receivedKBytesPerSec" : 214.5785477477696,
    "sentKBytesPerSec" : 21.263038510958108
  },
  "Request to Gioi Thieu Truong 5000 Users-0" : {
    "transaction" : "Request to Gioi Thieu Truong 5000 Users-0",
    "sampleCount" : 90,
    "errorCount" : 0,
    "errorPct" : 0.0,
    "meanResTime" : 7624.033333333333,
    "medianResTime" : 7482.0,
    "minResTime" : 20.0,
    "maxResTime" : 19887.0,
    "pct1ResTime" : 15101.6,
    "pct2ResTime" : 18087.35,
    "pct3ResTime" : 19887.0,
    "throughput" : 4.484304932735426,
    "receivedKBytesPerSec" : 2.452354260089686,
    "sentKBytesPerSec" : 0.5911925448430493
  }
}