{
  "Request to Gioi Thieu Truong 2000 Users-0" : {
    "transaction" : "Request to Gioi Thieu Truong 2000 Users-0",
    "sampleCount" : 56,
    "errorCount" : 0,
    "errorPct" : 0.0,
    "meanResTime" : 4093.464285714285,
    "medianResTime" : 3038.0,
    "minResTime" : 59.0,
    "maxResTime" : 9110.0,
    "pct1ResTime" : 9098.9,
    "pct2ResTime" : 9107.15,
    "pct3ResTime" : 9110.0,
    "throughput" : 5.344531399121969,
    "receivedKBytesPerSec" : 2.9227906088948274,
    "sentKBytesPerSec" : 0.7046013075014316
  },
  "Request to Gioi Thieu Truong 2000 Users-1" : {
    "transaction" : "Request to Gioi Thieu Truong 2000 Users-1",
    "sampleCount" : 56,
    "errorCount" : 1,
    "errorPct" : 1.7857143,
    "meanResTime" : 935.5714285714284,
    "medianResTime" : 52.0,
    "minResTime" : 27.0,
    "maxResTime" : 21065.0,
    "pct1ResTime" : 3062.3,
    "pct2ResTime" : 9052.15,
    "pct3ResTime" : 21065.0,
    "throughput" : 2.560936571088855,
    "receivedKBytesPerSec" : 27.01510302339141,
    "sentKBytesPerSec" : 0.32176946140302737
  },
  "Total" : {
    "transaction" : "Total",
    "sampleCount" : 2112,
    "errorCount" : 352,
    "errorPct" : 16.666666,
    "meanResTime" : 6087.892992424247,
    "medianResTime" : 3074.0,
    "minResTime" : 11.0,
    "maxResTime" : 21792.0,
    "pct1ResTime" : 21054.7,
    "pct2ResTime" : 21071.35,
    "pct3ResTime" : 21102.0,
    "throughput" : 92.3036580569031,
    "receivedKBytesPerSec" : 108.67453482146759,
    "sentKBytesPerSec" : 10.444664787378175
  },
  "Request to Gioi Thieu Truong 2000 Users" : {
    "transaction" : "Request to Gioi Thieu Truong 2000 Users",
    "sampleCount" : 2000,
    "errorCount" : 351,
    "errorPct" : 17.55,
    "meanResTime" : 6288.002,
    "medianResTime" : 3077.0,
    "minResTime" : 11.0,
    "maxResTime" : 21792.0,
    "pct1ResTime" : 21056.9,
    "pct2ResTime" : 21073.0,
    "pct3ResTime" : 21102.0,
    "throughput" : 87.40876709934007,
    "receivedKBytesPerSec" : 81.51819297397404,
    "sentKBytesPerSec" : 9.814493671058957
  }
}