{
  "Request to Gioi Thieu Truong 10000 Users-1" : {
    "transaction" : "Request to Gioi Thieu Truong 10000 Users-1",
    "sampleCount" : 146,
    "errorCount" : 16,
    "errorPct" : 10.958904,
    "meanResTime" : 3793.5821917808216,
    "medianResTime" : 78.5,
    "minResTime" : 14.0,
    "maxResTime" : 23486.0,
    "pct1ResTime" : 21239.9,
    "pct2ResTime" : 21343.0,
    "pct3ResTime" : 23087.91,
    "throughput" : 4.944124619031493,
    "receivedKBytesPerSec" : 44.1388392101253,
    "sentKBytesPerSec" : 0.5631852141889604
  },
  "Request to Gioi Thieu Truong 10000 Users-0" : {
    "transaction" : "Request to Gioi Thieu Truong 10000 Users-0",
    "sampleCount" : 146,
    "errorCount" : 0,
    "errorPct" : 0.0,
    "meanResTime" : 6538.513698630139,
    "medianResTime" : 3996.5,
    "minResTime" : 27.0,
    "maxResTime" : 19581.0,
    "pct1ResTime" : 15336.400000000001,
    "pct2ResTime" : 16414.6,
    "pct3ResTime" : 19580.53,
    "throughput" : 6.046550153234491,
    "receivedKBytesPerSec" : 3.3067071150501115,
    "sentKBytesPerSec" : 0.7971526080924376
  },
  "Total" : {
    "transaction" : "Total",
    "sampleCount" : 10292,
    "errorCount" : 3551,
    "errorPct" : 34.502525,
    "meanResTime" : 10626.5107850758,
    "medianResTime" : 9070.0,
    "minResTime" : 14.0,
    "maxResTime" : 27779.0,
    "pct1ResTime" : 22068.0,
    "pct2ResTime" : 22510.0,
    "pct3ResTime" : 22927.0,
    "throughput" : 338.71976304097416,
    "receivedKBytesPerSec" : 432.86369842233006,
    "sentKBytesPerSec" : 29.848230263699193
  },
  "Request to Gioi Thieu Truong 10000 Users" : {
    "transaction" : "Request to Gioi Thieu Truong 10000 Users",
    "sampleCount" : 10000,
    "errorCount" : 3535,
    "errorPct" : 35.35,
    "meanResTime" : 10785.956299999994,
    "medianResTime" : 9080.0,
    "minResTime" : 15.0,
    "maxResTime" : 27779.0,
    "pct1ResTime" : 22073.0,
    "pct2ResTime" : 22511.0,
    "pct3ResTime" : 22927.0,
    "throughput" : 329.1097581043278,
    "receivedKBytesPerSec" : 387.33914117780154,
    "sentKBytesPerSec" : 28.667420448000655
  }
}